Customer_ID,Age,Gender,Region,Subscription_Type,Monthly_Charges,Tenure_Months,Support_Calls,Payment_Delay_Days,Usage_Hours,Marketing_Email_Clicks,Churn
1001,56,Male,North,Basic,1228.0,59,3,29,47.0,4,Yes
1002,69,Male,South,Basic,822.0,12,2,0,94.0,15,No
1003,46,Male,,Premium,2108.0,49,4,16,26.0,8,No
1004,32,Female,North,Premium,730.0,59,8,24,115.0,9,Yes
1005,60,Male,West,Standard,1092.0,31,5,9,111.0,17,No
1006,25,Male,South,Premium,1929.0,29,8,21,59.0,16,Yes
1007,38,Male,North,Standard,2036.0,5,5,15,71.0,17,No
1008,56,Female,East,Standard,832.0,52,1,15,103.0,6,No
1009,36,Female,South,Basic,2046.0,25,4,25,64.0,3,Yes
1010,40,Male,East,Standard,1975.0,41,8,7,62.0,4,Yes
1011,28,Male,West,Basic,1616.0,31,7,28,16.0,15,Yes
1012,28,Male,West,Premium,1212.0,21,6,6,92.0,2,Yes
1013,41,Male,South,Standard,1424.0,58,0,27,73.0,17,Yes
1014,53,Female,West,Standard,1825.0,20,3,5,88.0,13,No
1015,57,Female,East,Basic,1627.0,39,6,15,107.0,14,Yes
1016,41,Female,North,Basic,1323.0,22,6,19,43.0,16,Yes
1017,20,Female,North,Basic,1876.0,4,5,15,17.0,0,Yes
1018,39,Male,North,Basic,1678.0,13,7,6,45.0,16,Yes
1019,19,Male,South,Basic,1819.0,45,5,8,61.0,10,No
1020,41,Male,West,Premium,1981.0,42,9,13,57.0,16,Yes
1021,61,Female,East,Standard,2297.0,50,2,10,113.0,13,No
1022,47,Male,West,Basic,526.0,49,3,25,16.0,19,Yes
1023,55,Female,West,Basic,1559.0,20,2,25,17.0,18,Yes
1024,19,Female,West,Basic,1172.0,52,0,13,78.0,6,No
1025,38,Male,North,Standard,1191.0,13,9,6,101.0,12,Yes
1026,50,Male,East,Standard,1778.0,17,4,0,61.0,17,No
1027,29,Male,East,Premium,1336.0,54,0,25,44.0,13,Yes
1028,39,Female,West,Standard,696.0,36,0,24,84.0,0,Yes
1029,61,Male,North,Premium,1423.0,33,1,12,49.0,6,No
1030,42,Female,North,Premium,2378.0,1,3,19,39.0,7,Yes
1031,66,Male,East,Basic,948.0,15,5,2,7.0,17,No
1032,44,Female,North,Premium,628.0,13,7,19,9.0,8,Yes
1033,59,Female,North,Basic,1782.0,17,2,3,94.0,0,No
1034,45,Male,North,Premium,1251.0,24,0,28,15.0,16,Yes
1035,33,Female,South,Basic,2305.0,58,2,25,75.0,18,Yes
1036,32,Female,West,Premium,2316.0,8,2,10,60.0,5,No
1037,64,Male,East,Premium,2178.0,50,4,1,14.0,2,No
1038,68,Female,East,Premium,1496.0,27,3,13,110.0,4,No
1039,61,Male,South,Standard,2072.0,45,3,11,38.0,1,No
1040,69,Female,West,Basic,461.0,23,8,29,71.0,19,Yes
1041,20,Male,East,Basic,2051.0,46,6,16,76.0,3,Yes
1042,54,Male,North,Basic,,8,3,11,35.0,9,No
1043,68,Female,East,Basic,2127.0,8,2,25,79.0,9,Yes
1044,24,Female,North,Standard,1351.0,59,5,11,113.0,10,No
1045,38,Female,South,Basic,1239.0,26,2,0,75.0,15,No
1046,26,Female,North,Premium,839.0,47,5,12,113.0,16,No
1047,56,Female,East,Standard,1121.0,59,8,13,70.0,15,Yes
1048,35,Male,East,Premium,1761.0,13,5,23,74.0,6,Yes
1049,21,Female,East,Basic,1388.0,39,3,29,45.0,15,Yes
1050,42,Male,South,Premium,655.0,37,4,1,67.0,2,No
1051,31,Male,South,Premium,534.0,49,5,11,36.0,15,No
1052,67,Female,West,Standard,1848.0,28,2,25,24.0,7,Yes
1053,26,Male,East,Standard,2396.0,25,7,20,61.0,11,Yes
1054,43,Male,North,Standard,417.0,16,3,27,102.0,2,Yes
1055,19,Male,South,Basic,2401.0,55,7,15,54.0,16,Yes
1056,37,Male,East,Standard,1973.0,2,9,3,84.0,17,Yes
1057,45,Female,East,Basic,1367.0,54,9,7,29.0,10,Yes
1058,64,Male,South,Basic,2400.0,18,2,1,16.0,3,No
1059,24,Female,West,Basic,857.0,17,9,9,75.0,15,Yes
1060,61,Female,South,Basic,2115.0,30,6,8,43.0,16,Yes
1061,25,Male,South,Basic,2305.0,39,8,22,21.0,8,Yes
1062,64,Female,,Basic,697.0,13,3,14,49.0,5,No
1063,52,Female,North,Premium,974.0,32,7,12,15.0,19,Yes
1064,31,Female,West,Standard,686.0,50,2,22,74.0,1,Yes
1065,34,Male,East,Premium,2458.0,29,6,16,27.0,8,Yes
1066,53,Female,South,Basic,2364.0,46,2,29,95.0,5,Yes
1067,67,Female,West,Basic,1183.0,30,6,15,114.0,2,Yes
1068,57,Female,North,Standard,840.0,18,9,27,74.0,19,Yes
1069,21,Male,South,Basic,470.0,13,9,1,42.0,5,Yes
1070,19,Female,East,Basic,1039.0,43,5,19,6.0,6,Yes
1071,23,Male,North,Standard,1701.0,21,1,19,90.0,0,Yes
1072,59,Male,North,Basic,418.0,30,2,26,88.0,0,Yes
1073,21,Male,North,Standard,2451.0,21,5,13,93.0,4,No
1074,46,Male,West,Standard,2295.0,48,3,2,83.0,5,No
1075,35,Male,East,Basic,2005.0,55,5,22,117.0,12,Yes
1076,43,Male,South,Basic,2022.0,17,0,11,97.0,1,No
1077,61,Female,West,Standard,1997.0,40,9,7,76.0,14,Yes
1078,51,Male,West,Standard,1744.0,19,0,1,41.0,14,No
1079,27,Female,West,Basic,2059.0,52,2,3,53.0,12,No
1080,53,Female,North,Premium,1824.0,15,7,13,56.0,13,Yes
1081,31,Male,East,Basic,964.0,9,7,15,37.0,6,Yes
1082,48,Female,West,Standard,332.0,52,3,18,26.0,13,No
1083,65,Female,South,Premium,2402.0,10,5,1,118.0,9,No
1084,32,Female,East,Basic,2359.0,44,7,11,115.0,16,Yes
1085,25,Female,South,Basic,1851.0,31,6,28,9.0,13,Yes
1086,31,Male,East,Basic,1019.0,53,6,13,107.0,7,Yes
1087,40,Female,South,Basic,783.0,23,3,5,22.0,3,No
1088,57,Male,North,Basic,1272.0,52,8,12,42.0,15,Yes
1089,38,Female,West,Standard,606.0,30,9,3,41.0,12,Yes
1090,33,Female,South,Basic,756.0,33,5,21,98.0,19,Yes
1091,62,Male,East,Standard,630.0,57,2,17,119.0,17,No
1092,35,Female,West,Premium,524.0,52,4,11,99.0,13,No
1093,64,Female,West,Premium,1779.0,9,4,19,68.0,17,Yes
1094,41,Female,East,Standard,1382.0,54,4,26,14.0,4,Yes
1095,43,Male,South,Basic,943.0,47,7,21,83.0,8,Yes
1096,42,Female,North,Standard,915.0,1,8,29,46.0,2,Yes
1097,62,Male,North,Standard,494.0,44,8,20,52.0,7,Yes
1098,58,Female,South,Basic,,35,5,18,48.0,19,No
1099,46,Male,West,Basic,1549.0,11,5,7,86.0,9,No
1100,32,Male,West,Premium,1402.0,34,8,6,91.0,18,Yes
1101,62,Female,West,Basic,1447.0,16,3,15,101.0,2,No
1102,18,Female,West,Basic,1541.0,9,5,18,20.0,10,Yes
1103,42,Male,,Basic,815.0,32,3,5,,10,No
1104,24,Male,,Basic,1925.0,15,0,19,106.0,16,Yes
1105,26,Female,East,Premium,1427.0,12,6,26,39.0,15,Yes
1106,41,Male,West,Standard,692.0,33,9,20,102.0,6,Yes
1107,18,Female,North,Standard,930.0,45,5,10,32.0,3,No
1108,61,Female,West,Basic,2147.0,14,8,4,6.0,18,Yes
1109,25,Female,South,Basic,1279.0,57,6,15,98.0,11,Yes
1110,41,Female,North,Standard,733.0,57,6,6,17.0,14,Yes
1111,28,Male,South,Basic,577.0,8,1,26,45.0,10,Yes
1112,68,Female,South,Basic,532.0,8,8,4,84.0,4,Yes
1113,34,Male,,Standard,1852.0,27,9,10,63.0,4,Yes
1114,25,Female,,Basic,1894.0,12,8,14,73.0,14,Yes
1115,52,Male,South,Standard,1413.0,1,5,2,96.0,17,No
1116,52,Female,West,Basic,325.0,43,2,25,57.0,10,Yes
1117,50,Male,East,Basic,1717.0,40,0,4,107.0,11,No
1118,22,Male,South,Basic,760.0,42,3,22,49.0,1,Yes
1119,59,Female,South,Premium,1391.0,51,2,20,24.0,19,Yes
1120,56,Female,South,Premium,1306.0,11,0,4,28.0,14,No
1121,58,Female,West,Premium,2294.0,39,2,8,65.0,19,No
1122,45,Female,East,Standard,790.0,43,3,14,95.0,3,No
1123,24,Male,North,Basic,1372.0,31,7,2,98.0,17,Yes
1124,26,Female,West,Standard,515.0,17,8,28,62.0,5,Yes
1125,25,Male,West,Standard,2023.0,33,2,5,113.0,18,No
1126,29,Male,East,Premium,1892.0,32,5,16,31.0,10,No
1127,51,Female,East,Basic,458.0,58,9,25,30.0,1,Yes
1128,50,Male,West,Standard,985.0,29,4,20,11.0,7,Yes
1129,65,Male,North,Basic,,21,5,7,46.0,10,No
1130,40,Male,West,Basic,2352.0,21,3,20,51.0,4,Yes
1131,41,Male,East,Standard,2143.0,40,9,24,57.0,17,Yes
1132,54,Female,North,Standard,1889.0,23,5,10,63.0,17,No
1133,52,Female,East,Basic,1996.0,56,6,5,42.0,13,Yes
1134,61,Female,North,Basic,2246.0,6,8,7,73.0,9,Yes
1135,57,Female,South,Standard,2362.0,22,9,9,91.0,2,Yes
1136,39,Male,East,Standard,1445.0,50,6,23,96.0,8,Yes
1137,44,Male,East,Premium,1881.0,38,5,28,102.0,2,Yes
1138,52,Female,West,Premium,2232.0,37,0,2,57.0,10,No
1139,18,Female,East,Standard,2057.0,45,1,22,19.0,11,Yes
1140,52,Female,East,Basic,2350.0,51,0,13,100.0,11,No
1141,54,Male,South,Standard,1289.0,54,8,22,30.0,2,Yes
1142,64,Female,East,Basic,1841.0,8,9,13,52.0,6,Yes
1143,31,Female,South,Basic,1416.0,41,9,9,99.0,13,Yes
1144,20,Female,South,Premium,792.0,49,8,11,23.0,10,Yes
1145,18,Male,South,Basic,919.0,35,6,5,13.0,6,Yes
1146,22,Male,South,Premium,2397.0,51,1,11,68.0,9,No
1147,43,Male,North,Standard,1846.0,11,5,22,97.0,10,Yes
1148,31,Male,West,Standard,1162.0,24,3,13,58.0,14,No
1149,56,Male,North,Standard,1991.0,49,0,1,55.0,18,No
1150,44,Male,East,Premium,1905.0,21,0,8,43.0,15,No
1151,26,Male,North,Standard,879.0,51,4,9,8.0,19,No
1152,32,Male,North,Standard,2190.0,2,1,25,,11,Yes
1153,32,Female,East,Basic,1575.0,40,3,16,68.0,17,No
1154,43,Female,East,Standard,2155.0,19,0,16,33.0,12,No
1155,59,Male,East,Basic,1655.0,39,3,2,15.0,4,No
1156,30,Male,North,Standard,1462.0,28,5,29,101.0,3,Yes
1157,68,Female,North,Standard,656.0,59,9,18,106.0,13,Yes
1158,49,Male,East,Standard,1924.0,17,3,0,62.0,7,No
1159,56,Male,West,Basic,2306.0,6,0,11,79.0,8,No
1160,66,Male,West,Basic,1169.0,19,6,6,31.0,18,Yes
1161,69,Female,,Standard,,56,1,3,101.0,2,No
1162,49,Female,East,Basic,2301.0,38,8,9,25.0,4,Yes
1163,21,Female,South,Basic,1713.0,28,2,12,43.0,17,No
1164,47,Female,West,Basic,1583.0,2,7,1,99.0,0,Yes
1165,54,Female,South,Premium,919.0,38,7,9,106.0,7,Yes
1166,40,Male,East,Standard,1182.0,55,2,20,50.0,18,Yes
1167,56,Female,East,Basic,1096.0,37,3,21,70.0,16,Yes
1168,62,Male,East,Basic,2472.0,51,1,24,95.0,16,Yes
1169,32,Male,North,Basic,1596.0,52,3,3,40.0,10,No
1170,60,Female,South,Standard,918.0,4,8,17,79.0,1,Yes
1171,46,Female,West,Standard,2134.0,22,1,4,115.0,5,No
1172,53,Male,West,Basic,544.0,26,2,18,86.0,13,No
1173,30,Male,West,Basic,1229.0,49,3,1,69.0,2,No
1174,49,Male,North,Basic,1570.0,43,4,11,67.0,11,No
1175,24,Female,North,Standard,819.0,36,0,16,103.0,3,No
1176,68,Female,East,Standard,307.0,58,6,9,39.0,11,Yes
1177,39,Female,West,Basic,2319.0,13,9,1,35.0,12,Yes
1178,45,Female,North,Basic,794.0,52,6,5,32.0,1,Yes
1179,19,Female,East,Basic,1929.0,58,8,7,107.0,1,Yes
1180,59,Male,West,Premium,1362.0,32,3,28,5.0,14,Yes
1181,62,Female,South,Basic,486.0,17,5,18,,16,No
1182,23,Male,East,Standard,2177.0,41,1,10,47.0,6,No
1183,45,Male,North,Standard,2440.0,36,3,24,106.0,13,Yes
1184,45,Male,North,Basic,385.0,55,1,11,88.0,11,No
1185,61,Female,East,Basic,436.0,46,9,8,71.0,16,Yes
1186,61,Female,East,Basic,2421.0,19,4,1,67.0,13,No
1187,37,Female,North,Standard,1936.0,58,6,7,55.0,5,Yes
1188,47,Male,South,Standard,2051.0,35,0,25,6.0,18,Yes
1189,28,Male,West,Standard,2087.0,46,9,10,86.0,5,Yes
1190,45,Male,South,Standard,1171.0,40,9,27,112.0,17,Yes
1191,42,Male,East,Basic,1243.0,56,6,20,68.0,4,Yes
1192,56,Male,South,Premium,1926.0,59,9,3,78.0,5,Yes
1193,50,Male,North,Standard,648.0,28,5,9,73.0,1,No
1194,18,Female,East,Basic,1976.0,1,5,20,13.0,7,Yes
1195,44,Female,West,Premium,1496.0,42,7,19,6.0,14,Yes
1196,69,Female,North,Standard,309.0,18,7,15,38.0,14,Yes
1197,30,Female,North,Standard,1761.0,48,5,7,64.0,10,No
1198,58,Male,West,Standard,966.0,40,2,3,,0,No
1199,20,Male,West,Premium,1822.0,33,4,28,65.0,17,Yes
1200,56,Female,South,Standard,2476.0,12,1,9,35.0,11,No
1201,23,Male,East,Basic,900.0,8,4,11,14.0,11,Yes
1202,25,Female,West,Basic,626.0,24,8,28,118.0,10,Yes
1203,44,Female,West,Premium,1279.0,16,9,13,80.0,7,Yes
1204,26,Female,East,Basic,928.0,50,0,15,40.0,6,No
1205,54,Male,West,Basic,1929.0,4,9,21,89.0,1,Yes
1206,50,Female,West,Basic,573.0,38,4,17,53.0,10,No
1207,68,Female,South,Basic,984.0,44,5,20,115.0,9,Yes
1208,59,Female,North,Standard,415.0,27,6,21,74.0,2,Yes
1209,61,Male,North,Premium,1160.0,9,8,20,116.0,19,Yes
1210,41,Male,North,Basic,2303.0,47,5,11,53.0,9,No
1211,32,Female,North,Basic,992.0,16,4,17,7.0,17,No
1212,49,Male,West,Basic,1405.0,56,6,29,78.0,13,Yes
1213,49,Male,East,Premium,2461.0,12,0,6,9.0,17,No
1214,41,Male,East,Standard,2092.0,31,4,19,114.0,7,Yes
1215,58,Male,South,Basic,453.0,24,1,23,94.0,9,Yes
1216,69,Male,South,Premium,2200.0,55,3,22,65.0,12,Yes
1217,66,Male,West,Premium,1727.0,14,6,6,89.0,7,Yes
1218,66,Male,East,Premium,1589.0,45,4,8,113.0,3,No
1219,69,Male,East,Premium,614.0,25,5,0,94.0,3,No
1220,29,Male,North,Basic,1364.0,34,1,25,106.0,4,Yes
1221,56,Male,West,Standard,404.0,3,2,5,112.0,0,No
1222,19,Female,West,Standard,2224.0,58,6,5,30.0,16,Yes
1223,20,Female,North,Premium,2213.0,24,1,21,76.0,1,Yes
1224,66,Male,West,Standard,1516.0,54,5,28,,7,Yes
1225,54,Female,West,Standard,1724.0,42,4,11,19.0,6,No
1226,66,Female,South,Standard,2072.0,9,9,21,20.0,14,Yes
1227,34,Male,East,Basic,2260.0,26,0,11,5.0,4,No
1228,66,Male,West,Standard,1903.0,20,9,9,20.0,1,Yes
1229,19,Male,South,Premium,1008.0,40,3,22,41.0,6,Yes
1230,19,Female,,Premium,950.0,10,1,29,,7,Yes
1231,45,Female,North,Basic,1246.0,19,3,25,56.0,6,Yes
1232,40,Male,South,Basic,960.0,3,0,5,51.0,6,No
1233,54,Male,South,Basic,2446.0,24,1,16,99.0,13,No
1234,49,Male,East,Standard,1432.0,5,7,18,17.0,17,Yes
1235,50,Female,North,Premium,999.0,3,5,17,84.0,5,No
1236,18,Female,South,Basic,2338.0,58,1,5,59.0,3,No
1237,36,Female,West,Standard,851.0,27,5,23,111.0,9,Yes
1238,19,Female,West,Premium,704.0,16,9,18,25.0,17,Yes
1239,61,Male,West,Standard,761.0,49,8,9,70.0,11,Yes
1240,43,Male,North,Standard,2479.0,15,6,23,58.0,15,Yes
1241,49,Male,South,Standard,1173.0,35,8,7,31.0,6,Yes
1242,23,Male,West,Standard,383.0,12,4,20,42.0,5,Yes
1243,49,Female,North,Basic,1722.0,41,6,23,94.0,4,Yes
1244,21,Female,West,Standard,520.0,53,6,5,62.0,2,Yes
1245,28,Male,East,Standard,1691.0,44,2,20,66.0,11,Yes
1246,34,Male,South,Premium,411.0,26,6,24,106.0,14,Yes
1247,55,Female,South,Standard,914.0,47,0,29,50.0,9,Yes
1248,41,Male,North,Standard,1881.0,34,8,6,93.0,19,Yes
1249,22,Female,North,Basic,774.0,23,9,23,15.0,18,Yes
1250,69,Male,South,Standard,2213.0,31,5,0,76.0,15,No
1251,51,Male,West,Basic,,50,4,26,12.0,10,Yes
1252,23,Male,West,Basic,2220.0,20,6,17,101.0,7,Yes
1253,39,Male,East,Standard,1690.0,12,4,23,75.0,2,Yes
1254,28,Male,West,Premium,339.0,23,9,27,68.0,6,Yes
1255,65,Male,North,Basic,2282.0,4,4,24,106.0,6,Yes
1256,33,Male,North,Basic,1293.0,23,9,19,25.0,13,Yes
1257,50,Female,West,Premium,2312.0,48,6,11,76.0,1,Yes
1258,26,Female,North,Basic,589.0,55,9,15,119.0,9,Yes
1259,23,Female,South,Standard,578.0,48,6,9,67.0,18,Yes
1260,33,Female,South,Standard,880.0,1,2,26,89.0,8,Yes
1261,46,Female,West,Standard,1162.0,54,2,9,68.0,15,No
1262,20,Male,South,Basic,553.0,25,9,13,24.0,18,Yes
1263,37,Male,South,Basic,480.0,2,2,24,12.0,17,Yes
1264,53,Female,East,Standard,980.0,30,5,19,62.0,8,Yes
1265,36,Male,East,Standard,1124.0,3,5,9,50.0,15,No
1266,43,Female,South,Basic,999.0,58,2,9,35.0,12,No
1267,20,Female,West,Standard,1649.0,21,2,25,118.0,9,Yes
1268,36,Male,East,Basic,1680.0,25,7,24,97.0,19,Yes
1269,37,Male,North,Standard,1973.0,20,7,10,116.0,13,Yes
1270,49,Male,North,Basic,1938.0,49,6,22,13.0,11,Yes
1271,24,Female,North,Premium,2257.0,52,9,1,19.0,18,Yes
1272,69,Male,West,Basic,511.0,22,3,24,98.0,6,Yes
1273,58,Female,South,Basic,1838.0,21,3,19,30.0,14,Yes
1274,50,Female,North,Basic,683.0,33,2,7,14.0,15,No
1275,57,Female,West,Basic,2014.0,52,4,29,33.0,7,Yes
1276,56,Male,East,Premium,641.0,38,2,22,,9,Yes
1277,35,Male,South,Premium,2138.0,15,7,28,40.0,3,Yes
1278,57,Female,East,Basic,2287.0,58,6,6,88.0,18,Yes
1279,18,Male,West,Basic,1143.0,58,2,7,113.0,18,No
1280,28,Male,North,Standard,1834.0,46,8,0,41.0,14,Yes
1281,45,Male,North,Premium,719.0,52,4,20,90.0,13,Yes
1282,42,Female,West,Standard,2288.0,15,8,1,,0,Yes
1283,67,Female,North,Basic,2232.0,46,6,17,27.0,15,Yes
1284,40,Male,South,Basic,2149.0,25,6,14,45.0,9,Yes
1285,48,Female,,Standard,605.0,21,5,0,108.0,18,No
1286,47,Male,East,Basic,1168.0,24,1,4,97.0,2,No
1287,59,Male,West,Standard,1435.0,57,8,1,84.0,4,Yes
1288,52,Male,South,Basic,1734.0,58,5,19,106.0,8,Yes
1289,24,Male,South,Standard,505.0,5,7,2,32.0,17,Yes
1290,33,Female,West,Basic,795.0,6,0,18,52.0,10,No
1291,43,Female,West,Standard,2209.0,49,4,17,42.0,15,No
1292,65,Female,North,Standard,1345.0,43,0,28,35.0,1,Yes
1293,69,Male,South,Standard,512.0,48,9,21,18.0,11,Yes
1294,66,Male,West,Basic,609.0,44,7,17,101.0,5,Yes
1295,19,Male,West,Standard,2291.0,47,7,13,77.0,10,Yes
1296,18,Female,South,Standard,571.0,23,0,29,95.0,7,Yes
1297,65,Male,West,Standard,2122.0,4,8,23,92.0,11,Yes
1298,29,Female,North,Standard,2379.0,27,1,7,81.0,1,No
1299,22,Female,South,Standard,742.0,18,8,28,94.0,8,Yes
1300,54,Female,North,Premium,553.0,21,0,29,33.0,14,Yes
1301,49,Female,North,Basic,820.0,28,9,11,55.0,1,Yes
1302,26,Female,North,Premium,1276.0,35,8,20,53.0,0,Yes
1303,58,Female,North,Standard,309.0,22,3,9,47.0,9,No
1304,52,Male,South,Basic,1883.0,40,8,22,96.0,1,Yes
1305,36,Male,North,Basic,1434.0,23,6,19,96.0,11,Yes
1306,65,Female,North,Basic,452.0,3,5,16,76.0,7,No
1307,33,Female,West,Standard,1958.0,40,4,10,91.0,4,No
1308,20,Male,South,Standard,2156.0,50,8,1,97.0,0,Yes
1309,37,Female,South,Standard,1514.0,10,1,25,9.0,14,Yes
1310,41,Female,East,Standard,2052.0,25,1,25,,5,Yes
1311,50,Male,South,Basic,1404.0,52,8,3,11.0,11,Yes
1312,41,Female,South,Basic,1194.0,49,2,0,46.0,7,No
1313,69,Female,East,Basic,1411.0,8,7,14,40.0,12,Yes
1314,28,Female,South,Basic,403.0,55,8,12,109.0,18,Yes
1315,66,Male,South,Basic,2214.0,11,7,7,31.0,0,Yes
1316,25,Male,South,Basic,,5,3,24,62.0,10,Yes
1317,53,Male,South,Standard,706.0,58,0,3,50.0,19,No
1318,55,Female,East,Standard,1701.0,45,3,9,70.0,0,No
1319,57,Female,South,Premium,,53,8,18,29.0,7,Yes
1320,37,Male,South,Premium,808.0,55,1,17,77.0,4,No
1321,52,Female,East,Standard,1961.0,37,2,4,31.0,16,No
1322,65,Female,West,Basic,1062.0,56,9,29,5.0,7,Yes
1323,42,Female,North,Standard,980.0,59,7,18,91.0,9,Yes
1324,52,Female,West,Standard,2420.0,45,5,25,78.0,1,Yes
1325,42,Female,East,Basic,1464.0,38,7,22,46.0,8,Yes
1326,46,Male,,Basic,881.0,29,6,26,56.0,2,Yes
1327,35,Female,East,Premium,561.0,5,4,21,29.0,17,Yes
1328,63,Male,East,Basic,1663.0,9,8,15,58.0,6,Yes
1329,35,Female,South,Standard,1631.0,59,3,0,,14,No
1330,19,Male,North,Standard,1838.0,48,5,11,10.0,19,No
1331,52,Female,South,Basic,860.0,2,1,23,62.0,17,Yes
1332,33,Male,North,Basic,1399.0,1,1,1,74.0,2,No
1333,58,Female,East,Basic,2203.0,40,1,20,57.0,13,Yes
1334,53,Male,East,Basic,474.0,51,9,24,70.0,1,Yes
1335,50,Female,West,Basic,2456.0,30,6,7,62.0,13,Yes
1336,21,Male,North,Premium,491.0,11,1,17,86.0,10,No
1337,50,Female,South,Basic,364.0,28,1,24,91.0,15,Yes
1338,31,Male,West,Standard,1797.0,44,8,15,6.0,7,Yes
1339,38,Male,West,Basic,1867.0,12,6,4,80.0,6,Yes
1340,65,Female,West,Premium,1451.0,39,2,25,26.0,10,Yes
1341,37,Female,South,Basic,2237.0,26,2,29,,2,Yes
1342,25,Male,West,Basic,668.0,13,6,21,24.0,16,Yes
1343,24,Female,South,Premium,1150.0,59,4,12,107.0,13,No
1344,20,Male,West,Premium,342.0,8,9,18,28.0,5,Yes
1345,34,Male,South,Basic,2207.0,54,5,28,116.0,7,Yes
1346,50,Male,East,Premium,377.0,28,7,2,,4,Yes
1347,65,Female,East,Standard,2124.0,58,8,25,69.0,7,Yes
1348,29,Male,East,Standard,1593.0,30,0,7,69.0,1,No
1349,68,Male,East,Basic,973.0,9,2,26,85.0,14,Yes
1350,39,Female,,Basic,1000.0,39,6,25,5.0,11,Yes
1351,39,Female,West,Standard,1058.0,31,5,25,113.0,16,Yes
1352,63,Female,West,Standard,2223.0,58,6,11,98.0,0,Yes
1353,47,Female,West,Basic,1201.0,21,7,1,109.0,14,Yes
1354,55,Male,South,Standard,1292.0,56,5,10,115.0,13,No
1355,55,Male,,Standard,1491.0,47,2,11,7.0,19,No
1356,62,Male,South,Basic,1776.0,34,1,27,50.0,15,Yes
1357,68,Male,South,Standard,689.0,55,6,17,59.0,8,Yes
1358,25,Female,East,Basic,1299.0,31,0,12,79.0,0,No
1359,44,Male,East,Standard,824.0,52,2,4,92.0,16,No
1360,44,Male,East,Standard,2155.0,25,3,21,90.0,12,Yes
1361,51,Female,North,Premium,1806.0,12,0,11,68.0,4,No
1362,38,Male,West,Basic,958.0,1,4,1,112.0,9,No
1363,47,Male,South,Basic,1190.0,55,9,4,49.0,5,Yes
1364,50,Male,South,Basic,1781.0,22,2,6,30.0,18,No
1365,45,Male,East,Basic,751.0,40,1,25,81.0,12,Yes
1366,64,Male,South,Basic,1837.0,37,2,25,69.0,0,Yes
1367,50,Male,South,Premium,1182.0,47,7,23,28.0,19,Yes
1368,22,Female,West,Basic,612.0,1,5,11,78.0,14,No
1369,65,Female,,Basic,1139.0,1,6,15,39.0,13,Yes
1370,36,Male,,Standard,674.0,57,5,22,28.0,7,Yes
1371,21,Male,North,Basic,750.0,42,5,7,32.0,9,No
1372,52,Female,North,Standard,894.0,54,2,29,104.0,8,Yes
1373,66,Male,North,Basic,1533.0,42,7,27,84.0,16,Yes
1374,34,Male,East,Standard,799.0,21,6,8,108.0,8,Yes
1375,61,Male,South,Basic,763.0,15,6,14,20.0,2,Yes
1376,45,Female,East,Basic,412.0,17,5,4,63.0,10,No
1377,47,Male,East,Premium,1335.0,22,4,12,85.0,11,No
1378,46,Female,South,Basic,2224.0,38,9,4,119.0,9,Yes
1379,63,Male,West,Standard,439.0,35,7,10,58.0,16,Yes
1380,23,Female,North,Basic,1724.0,45,4,9,83.0,16,No
1381,52,Female,West,Basic,816.0,16,8,19,20.0,10,Yes
1382,58,Male,North,Premium,2247.0,8,8,12,19.0,3,Yes
1383,54,Female,East,Basic,2465.0,47,0,8,102.0,6,No
1384,41,Male,,Standard,1187.0,17,5,20,15.0,13,Yes
1385,46,Female,East,Premium,1641.0,17,6,13,69.0,6,Yes
1386,66,Male,West,Standard,349.0,54,2,17,83.0,7,No
1387,63,Male,East,Premium,318.0,26,6,14,94.0,0,Yes
1388,48,Female,West,Basic,1025.0,13,6,9,119.0,3,Yes
1389,52,Male,South,Basic,1773.0,17,1,23,72.0,11,Yes
1390,50,Male,South,Basic,751.0,38,6,6,47.0,2,Yes
1391,69,Female,South,Standard,1464.0,17,0,7,73.0,12,No
1392,38,Male,East,Premium,1407.0,48,4,27,103.0,19,Yes
1393,49,Male,South,Basic,514.0,14,8,2,17.0,5,Yes
1394,40,Female,North,Standard,1849.0,45,6,14,14.0,10,Yes
1395,50,Female,West,Basic,427.0,6,6,15,79.0,3,Yes
1396,20,Male,West,Standard,2145.0,35,1,3,86.0,19,No
1397,35,Male,North,Standard,1059.0,46,7,20,102.0,15,Yes
1398,42,Female,East,Premium,,14,2,5,107.0,6,No
1399,59,Female,East,Standard,660.0,47,7,0,45.0,10,Yes
1400,48,Male,West,Basic,868.0,8,2,3,110.0,0,No
1401,20,Female,South,Basic,1715.0,15,9,10,54.0,6,Yes
1402,57,Male,East,Basic,1897.0,54,6,11,91.0,11,Yes
1403,63,Male,,Basic,1992.0,27,1,25,75.0,6,Yes
1404,41,Male,North,Basic,501.0,13,3,28,63.0,6,Yes
1405,67,Male,,Premium,2364.0,49,5,4,43.0,9,No
1406,49,Male,South,Standard,817.0,31,8,22,7.0,15,Yes
1407,64,Female,East,Standard,1648.0,53,4,28,80.0,7,Yes
1408,39,Female,East,Basic,1735.0,56,8,20,11.0,8,Yes
1409,40,Female,North,Premium,1641.0,35,4,15,53.0,8,No
1410,19,Female,East,Standard,980.0,6,9,12,30.0,1,Yes
1411,44,Male,,Basic,2288.0,5,7,12,37.0,12,Yes
1412,59,Male,North,Standard,1791.0,22,0,16,105.0,12,No
1413,19,Male,South,Standard,724.0,58,6,26,52.0,3,Yes
1414,43,Male,North,Basic,2268.0,49,3,6,83.0,11,No
1415,34,Female,East,Standard,2012.0,23,4,7,6.0,16,No
1416,57,Male,South,Standard,1077.0,25,5,12,109.0,1,No
1417,50,Male,North,Basic,2445.0,34,4,22,75.0,12,Yes
1418,26,Female,West,Premium,2126.0,26,0,26,36.0,17,Yes
1419,60,Female,West,Premium,507.0,47,8,15,8.0,14,Yes
1420,65,Female,North,Standard,1837.0,5,1,29,24.0,7,Yes
1421,56,Female,West,Standard,1959.0,26,8,28,118.0,14,Yes
1422,46,Male,West,Basic,321.0,20,9,3,40.0,0,Yes
1423,59,Male,West,Standard,453.0,6,1,7,36.0,19,No
1424,43,Female,South,Standard,,6,8,15,32.0,9,Yes
1425,52,Male,West,Basic,518.0,59,5,20,81.0,11,Yes
1426,67,Male,West,Standard,968.0,50,8,9,5.0,4,Yes
1427,42,Male,West,Premium,1818.0,18,5,24,64.0,8,Yes
1428,41,Female,South,Standard,2367.0,4,5,11,60.0,7,No
1429,30,Male,North,Basic,1249.0,17,1,11,39.0,15,No
1430,24,Female,East,Standard,2495.0,57,7,25,,13,Yes
1431,53,Male,West,Basic,702.0,14,2,4,34.0,12,No
1432,62,Male,North,Basic,895.0,14,6,15,58.0,12,Yes
1433,37,Male,West,Basic,1737.0,13,4,0,40.0,4,No
1434,18,Female,South,Basic,1457.0,7,2,27,59.0,15,Yes
1435,25,Male,North,Standard,2042.0,44,0,8,93.0,10,No
1436,63,Female,South,Standard,1606.0,55,7,11,84.0,4,Yes
1437,33,Female,West,Basic,372.0,15,2,4,62.0,12,No
1438,31,Female,West,Premium,780.0,19,1,21,87.0,10,Yes
1439,29,Male,South,Premium,859.0,43,0,19,69.0,18,Yes
1440,68,Male,East,Premium,1044.0,47,3,21,73.0,2,Yes
1441,40,Male,South,Basic,1766.0,44,7,27,55.0,14,Yes
1442,32,Male,West,Standard,399.0,35,2,23,26.0,6,Yes
1443,45,Female,,Premium,1382.0,17,0,2,92.0,6,No
1444,51,Female,East,Standard,712.0,35,3,4,111.0,5,No
1445,19,Female,South,Basic,1388.0,19,8,1,113.0,2,Yes
1446,49,Male,East,Basic,1477.0,20,0,13,105.0,12,No
1447,40,Female,East,Standard,2308.0,36,1,1,57.0,6,No
1448,39,Male,South,Premium,1120.0,35,8,12,104.0,4,Yes
1449,68,Female,South,Standard,961.0,32,1,6,40.0,17,No
1450,42,Male,North,Standard,859.0,58,2,9,72.0,7,No
1451,39,Male,West,Basic,1571.0,48,6,12,40.0,16,Yes
1452,39,Female,East,Standard,2113.0,44,2,15,56.0,19,No
1453,66,Female,North,Premium,909.0,40,8,25,,0,Yes
1454,69,Female,South,Basic,324.0,24,5,13,86.0,13,No
1455,59,Female,West,Standard,2328.0,17,2,10,54.0,16,No
1456,23,Male,North,Premium,583.0,7,8,9,84.0,9,Yes
1457,32,Female,East,Basic,1772.0,43,0,5,45.0,11,No
1458,60,Female,North,Standard,600.0,50,9,3,22.0,15,Yes
1459,54,Female,East,Basic,1391.0,1,2,20,26.0,13,Yes
1460,50,Male,South,Standard,1330.0,35,0,0,70.0,15,No
1461,25,Male,West,Standard,1116.0,32,1,6,25.0,7,No
1462,61,Female,West,Standard,382.0,36,7,23,104.0,9,Yes
1463,61,Male,West,Standard,2220.0,13,6,8,48.0,16,Yes
1464,22,Female,South,Basic,2393.0,6,1,7,107.0,17,No
1465,56,Male,East,Premium,917.0,58,1,4,51.0,19,No
1466,21,Male,South,Standard,475.0,14,8,18,,15,Yes
1467,23,Male,West,Basic,1489.0,37,5,9,33.0,16,No
1468,62,Male,South,Standard,1141.0,48,4,10,58.0,15,No
1469,49,Female,South,Standard,669.0,15,9,24,94.0,18,Yes
1470,69,Female,South,Basic,2118.0,47,5,14,89.0,7,No
1471,47,Female,East,Premium,2401.0,4,8,5,21.0,5,Yes
1472,64,Male,North,Premium,989.0,40,6,14,84.0,5,Yes
1473,52,Female,North,Basic,2079.0,59,9,4,64.0,8,Yes
1474,57,Female,South,Premium,1664.0,16,9,28,35.0,3,Yes
1475,69,Female,North,Basic,1732.0,28,8,18,119.0,11,Yes
1476,33,Male,North,Basic,666.0,16,3,21,77.0,11,Yes
1477,30,Male,South,Basic,943.0,4,1,18,99.0,16,No
1478,67,Male,South,Premium,372.0,45,7,9,82.0,14,Yes
1479,59,Female,West,Standard,,26,3,11,53.0,8,No
1480,47,Female,North,Basic,1159.0,28,8,21,105.0,6,Yes
1481,36,Female,East,Basic,342.0,32,3,3,6.0,9,No
1482,34,Male,South,Standard,1364.0,45,7,17,52.0,15,Yes
1483,36,Male,West,Basic,1816.0,2,8,15,,11,Yes
1484,45,Female,East,Premium,2386.0,31,8,7,18.0,6,Yes
1485,43,Male,North,Premium,668.0,3,9,3,63.0,17,Yes
1486,54,Male,West,Standard,450.0,54,3,24,101.0,14,Yes
1487,43,Male,South,Premium,1434.0,8,0,22,103.0,5,Yes
1488,40,Male,East,Basic,1803.0,24,2,11,62.0,11,No
1489,26,Female,South,Premium,1759.0,15,8,1,107.0,10,Yes
1490,29,Male,North,Standard,1370.0,43,3,3,62.0,19,No
1491,18,Male,East,Standard,1323.0,31,4,4,115.0,2,No
1492,18,Male,North,Basic,1898.0,9,6,2,55.0,1,Yes
1493,64,Male,,Premium,2340.0,39,4,8,88.0,5,No
1494,51,Female,West,Basic,1689.0,45,3,28,6.0,4,Yes
1495,49,Female,South,Basic,368.0,2,1,20,119.0,17,Yes
1496,65,Male,East,Basic,1243.0,8,1,17,45.0,15,No
1497,42,Male,North,Standard,1101.0,7,3,10,87.0,7,No
1498,57,Male,North,Standard,360.0,56,9,2,105.0,19,Yes
1499,62,Male,East,Standard,1245.0,44,9,29,86.0,10,Yes
1500,18,Male,North,Premium,1637.0,51,8,24,20.0,9,Yes
1501,33,Male,West,Basic,1484.0,39,7,22,8.0,11,Yes
1502,56,Female,West,Standard,630.0,42,2,1,16.0,5,No
1503,22,Male,West,Basic,1851.0,57,8,8,33.0,19,Yes
1504,39,Female,West,Premium,637.0,16,4,13,11.0,4,No
1505,46,Female,North,Premium,1929.0,35,2,3,18.0,8,No
1506,20,Male,East,Standard,1627.0,30,4,28,16.0,15,Yes
1507,29,Female,East,Standard,1826.0,10,9,8,103.0,13,Yes
1508,43,Female,East,Basic,1973.0,38,3,12,,7,No
1509,33,Female,East,Standard,1661.0,18,7,17,85.0,19,Yes
1510,68,Female,South,Premium,1873.0,50,4,14,,18,No
1511,54,Female,East,Standard,574.0,5,9,27,36.0,13,Yes
1512,39,Female,South,Basic,1487.0,53,7,9,78.0,6,Yes
1513,46,Male,South,Standard,2293.0,29,8,15,47.0,4,Yes
1514,31,Female,West,Premium,1169.0,39,3,11,85.0,17,No
1515,45,Female,South,Basic,1314.0,34,6,19,73.0,1,Yes
1516,22,Female,North,Basic,2211.0,43,1,4,49.0,10,No
1517,64,Male,South,Standard,902.0,45,5,1,110.0,7,No
1518,66,Female,West,Premium,2099.0,23,7,9,13.0,0,Yes
1519,47,Male,South,Basic,990.0,5,6,0,53.0,11,Yes
1520,63,Female,North,Basic,793.0,30,6,6,37.0,1,Yes
1521,69,Male,North,Basic,789.0,6,7,25,104.0,17,Yes
1522,22,Male,North,Basic,689.0,56,6,16,104.0,6,Yes
1523,29,Female,West,Standard,594.0,58,4,15,22.0,16,No
1524,33,Female,West,Standard,1692.0,46,6,26,13.0,13,Yes
1525,43,Male,East,Standard,2017.0,44,9,26,66.0,6,Yes
1526,43,Female,West,Standard,948.0,4,2,23,61.0,2,Yes
1527,65,Male,North,Basic,2173.0,29,4,2,33.0,5,No
1528,38,Male,North,Premium,867.0,23,6,13,118.0,19,Yes
1529,56,Male,West,Standard,744.0,6,8,9,82.0,1,Yes
1530,53,Male,South,Premium,,32,1,21,29.0,16,Yes
1531,50,Male,West,Standard,2470.0,42,3,6,19.0,11,No
1532,47,Female,West,Basic,1511.0,18,6,25,10.0,11,Yes
1533,54,Male,North,Standard,1041.0,15,0,16,46.0,16,No
1534,40,Male,East,Basic,2341.0,40,1,29,33.0,9,Yes
1535,27,Female,North,Standard,979.0,58,8,5,83.0,2,Yes
1536,22,Male,East,Basic,1942.0,32,9,22,97.0,19,Yes
1537,53,Female,North,Basic,1872.0,9,6,21,8.0,17,Yes
1538,51,Female,West,Premium,1658.0,37,9,3,86.0,12,Yes
1539,69,Female,North,Basic,2439.0,10,6,16,118.0,11,Yes
1540,48,Male,North,Premium,362.0,20,5,26,61.0,16,Yes
1541,27,Male,North,Basic,1462.0,6,2,8,53.0,3,No
1542,36,Male,West,Standard,1528.0,48,9,3,48.0,9,Yes
1543,49,Female,West,Standard,,56,2,6,107.0,10,No
1544,18,Male,West,Standard,434.0,59,1,22,84.0,5,Yes
1545,22,Female,West,Basic,1174.0,3,5,1,79.0,5,No
1546,62,Male,East,Basic,1121.0,42,3,16,18.0,8,No
1547,21,Female,East,Basic,2435.0,11,4,23,7.0,14,Yes
1548,33,Male,South,Basic,1122.0,43,2,7,119.0,1,No
1549,41,Male,West,Standard,1273.0,17,5,22,,3,Yes
1550,33,Male,East,Premium,2077.0,32,2,29,66.0,4,Yes
1551,19,Female,North,Premium,420.0,4,7,14,110.0,16,Yes
1552,66,Female,West,Standard,1937.0,4,8,14,68.0,7,Yes
1553,45,Male,South,Standard,1664.0,17,3,7,106.0,7,No
1554,49,Male,South,Standard,1307.0,41,8,15,49.0,11,Yes
1555,44,Female,South,Basic,1224.0,19,6,18,110.0,7,Yes
1556,37,Female,North,Premium,944.0,5,2,10,86.0,18,No
1557,41,Female,East,Standard,2332.0,32,6,1,62.0,2,Yes
1558,29,Male,North,Standard,2368.0,22,0,22,24.0,17,Yes
1559,67,Female,West,Basic,541.0,56,2,23,62.0,18,Yes
1560,52,Male,South,Basic,1919.0,6,5,16,116.0,18,No
1561,50,Female,North,Standard,1102.0,35,3,27,93.0,14,Yes
1562,50,Male,North,Premium,1263.0,22,6,25,61.0,5,Yes
1563,68,Female,East,Standard,368.0,1,2,15,106.0,15,No
1564,60,Female,East,Basic,1452.0,20,0,24,81.0,7,Yes
1565,54,Female,South,Premium,495.0,22,8,14,72.0,15,Yes
1566,29,Female,North,Basic,2487.0,48,5,12,82.0,17,No
1567,20,Female,North,Basic,1045.0,55,7,14,101.0,19,Yes
1568,18,Male,East,Basic,1988.0,11,2,26,96.0,15,Yes
1569,50,Female,North,Standard,576.0,13,7,3,56.0,10,Yes
1570,57,Female,North,Premium,360.0,59,1,15,41.0,6,No
1571,27,Female,North,Basic,2213.0,42,3,29,12.0,16,Yes
1572,60,Male,East,Premium,2399.0,3,2,11,48.0,16,No
1573,61,Female,South,Basic,2072.0,9,9,29,102.0,11,Yes
1574,46,Male,West,Premium,1634.0,12,0,3,112.0,12,No
1575,30,Female,South,Standard,2137.0,23,6,2,9.0,9,Yes
1576,29,Female,West,Premium,866.0,14,9,21,73.0,6,Yes
1577,48,Male,North,Basic,1871.0,33,1,16,35.0,13,No
1578,63,Female,South,Premium,921.0,18,3,21,49.0,0,Yes
1579,19,Male,West,Standard,2325.0,49,8,17,13.0,16,Yes
1580,68,Male,East,Basic,1500.0,59,5,24,110.0,3,Yes
1581,67,Female,East,Premium,613.0,41,7,17,36.0,4,Yes
1582,52,Male,South,Basic,2444.0,9,1,22,37.0,19,Yes
1583,40,Female,South,Premium,1536.0,23,6,27,71.0,6,Yes
1584,34,Female,North,Basic,436.0,10,5,16,34.0,9,No
1585,43,Male,South,Standard,1329.0,19,8,11,118.0,16,Yes
1586,25,Male,North,Standard,2456.0,47,6,22,80.0,6,Yes
1587,46,Male,North,Basic,961.0,5,0,20,33.0,0,Yes
1588,43,Male,East,Basic,386.0,47,7,23,7.0,6,Yes
1589,27,Female,East,Basic,2423.0,52,9,3,,10,Yes
1590,43,Female,West,Standard,1608.0,23,2,11,61.0,8,No
1591,51,Male,East,Basic,,30,1,25,,11,Yes
1592,68,Female,East,Standard,794.0,25,2,22,13.0,2,Yes
1593,58,Female,South,Basic,1947.0,28,5,21,30.0,3,Yes
1594,24,Female,East,Basic,,34,2,20,6.0,3,Yes
1595,21,Female,West,Standard,1368.0,45,9,19,66.0,12,Yes
1596,67,Male,South,Basic,1724.0,56,4,14,7.0,18,No
1597,62,Male,West,Premium,896.0,48,5,22,50.0,9,Yes
1598,28,Female,East,Premium,749.0,47,7,27,72.0,4,Yes
1599,46,Male,West,Standard,784.0,25,6,15,29.0,6,Yes
1600,53,Male,South,Standard,945.0,10,7,4,55.0,15,Yes
1601,42,Male,North,Premium,1929.0,14,2,20,17.0,0,Yes
1602,38,Female,West,Basic,961.0,42,3,14,107.0,11,No
1603,53,Female,West,Basic,1057.0,57,5,16,48.0,1,No
1604,27,Female,South,Basic,588.0,46,6,17,,6,Yes
1605,54,Male,South,Standard,,58,8,4,59.0,10,Yes
1606,26,Female,West,Basic,937.0,30,0,12,91.0,12,No
1607,41,Female,East,Standard,798.0,55,7,18,13.0,1,Yes
1608,52,Male,West,Premium,933.0,41,7,29,6.0,6,Yes
1609,66,Female,South,Premium,1973.0,25,5,12,65.0,14,No
1610,52,Female,North,Standard,2330.0,14,3,17,45.0,10,No
1611,65,Male,North,Basic,414.0,35,2,13,48.0,1,No
1612,53,Male,East,Premium,973.0,52,2,29,68.0,6,Yes
1613,35,Male,,Standard,2036.0,48,5,3,35.0,3,No
1614,66,Female,North,Basic,1557.0,34,7,3,112.0,10,Yes
1615,56,Female,West,Basic,446.0,10,6,19,,1,Yes
1616,49,Female,South,Premium,2465.0,35,0,19,6.0,15,Yes
1617,41,Male,,Standard,711.0,11,5,18,100.0,6,No
1618,40,Male,East,Premium,1987.0,11,6,12,86.0,12,Yes
1619,49,Female,South,Premium,1832.0,21,6,11,81.0,4,Yes
1620,54,Female,East,Standard,436.0,21,8,6,114.0,16,Yes
1621,29,Male,South,Standard,318.0,22,9,24,73.0,11,Yes
1622,66,Male,,Basic,2259.0,45,4,11,62.0,18,No
1623,30,Male,East,Basic,1301.0,7,0,20,110.0,6,Yes
1624,40,Male,East,Basic,748.0,55,1,3,48.0,5,No
1625,42,Female,South,Standard,2248.0,17,3,26,78.0,7,Yes
1626,52,Male,East,Standard,1245.0,2,4,1,60.0,12,No
1627,58,Female,South,Premium,1677.0,12,8,1,47.0,4,Yes
1628,47,Female,South,Basic,1822.0,57,0,4,93.0,1,No
1629,34,Female,South,Standard,440.0,42,2,22,38.0,8,Yes
1630,66,Male,South,Standard,2220.0,18,4,9,105.0,10,No
1631,37,Male,North,Standard,,54,2,9,34.0,5,No
1632,65,Male,South,Standard,538.0,59,3,8,75.0,6,No
1633,42,Male,West,Basic,504.0,11,2,12,74.0,6,No
1634,39,Female,East,Standard,1756.0,16,3,6,59.0,18,No
1635,30,Male,West,Basic,544.0,49,0,4,71.0,5,No
1636,36,Male,North,Basic,1131.0,51,7,25,17.0,10,Yes
1637,66,Female,West,Standard,594.0,18,3,9,7.0,10,No
1638,53,Male,East,Standard,1155.0,35,6,9,30.0,6,Yes
1639,29,Female,West,Premium,2364.0,53,1,5,61.0,1,No
1640,58,Female,North,Standard,370.0,59,1,26,28.0,18,Yes
1641,36,Female,South,Standard,1592.0,26,5,27,57.0,3,Yes
1642,29,Female,West,Standard,1648.0,16,1,18,74.0,5,No
1643,26,Female,North,Standard,604.0,6,5,20,47.0,16,Yes
1644,24,Female,North,Basic,1330.0,57,1,7,64.0,4,No
1645,45,Female,East,Basic,1637.0,44,3,0,62.0,6,No
1646,31,Female,East,Basic,1116.0,43,6,27,53.0,8,Yes
1647,48,Male,West,Standard,1426.0,47,7,16,46.0,0,Yes
1648,69,Male,South,Basic,1120.0,47,2,6,80.0,0,No
1649,36,Male,North,Basic,492.0,48,8,13,117.0,18,Yes
1650,64,Male,West,Basic,2076.0,42,1,20,104.0,5,Yes
1651,33,Female,North,Premium,828.0,12,7,29,70.0,17,Yes
1652,22,Male,North,Basic,550.0,13,7,20,15.0,9,Yes
1653,52,Female,South,Standard,2088.0,4,3,16,107.0,10,No
1654,29,Male,South,Basic,2326.0,39,0,8,102.0,0,No
1655,42,Male,West,Standard,1703.0,54,0,16,94.0,0,No
1656,69,Male,South,Basic,1467.0,2,1,4,22.0,12,Yes
1657,38,Female,South,Basic,2372.0,26,8,25,89.0,4,Yes
1658,53,Male,West,Standard,1396.0,59,1,24,104.0,19,Yes
1659,40,Female,South,Basic,2147.0,27,1,29,108.0,0,Yes
1660,33,Female,East,Basic,804.0,27,5,19,56.0,19,Yes
1661,56,Male,North,Basic,1921.0,15,6,28,50.0,2,Yes
1662,62,Male,North,Basic,1687.0,8,6,7,48.0,17,Yes
1663,59,Male,North,Basic,1522.0,7,8,5,26.0,8,Yes
1664,56,Female,North,Basic,1017.0,47,5,10,57.0,13,No
1665,31,Male,West,Premium,,55,7,18,63.0,16,Yes
1666,48,Female,North,Standard,958.0,46,5,3,98.0,13,No
1667,22,Female,North,Standard,1261.0,40,1,17,118.0,3,No
1668,52,Male,North,Basic,728.0,12,0,0,111.0,4,No
1669,40,Male,North,Premium,1198.0,13,4,12,34.0,16,No
1670,46,Female,East,Basic,438.0,43,8,13,12.0,1,Yes
1671,60,Female,North,Basic,841.0,17,7,23,102.0,4,Yes
1672,28,Female,East,Standard,2404.0,17,3,0,61.0,3,No
1673,35,Male,West,Basic,1555.0,56,4,29,115.0,3,Yes
1674,64,Female,South,Basic,683.0,36,4,28,77.0,5,Yes
1675,29,Male,North,Standard,493.0,21,5,10,119.0,19,No
1676,26,Female,South,Premium,2195.0,8,2,16,24.0,12,Yes
1677,27,Female,South,Standard,1031.0,5,4,3,108.0,4,No
1678,61,Male,West,Standard,2463.0,26,1,25,29.0,6,Yes
1679,34,Female,South,Premium,984.0,16,9,11,23.0,19,Yes
1680,55,Male,East,Basic,381.0,36,0,9,9.0,0,No
1681,24,Male,South,Basic,831.0,28,0,5,79.0,13,No
1682,63,Female,South,Basic,2283.0,54,9,24,83.0,3,Yes
1683,30,Male,South,Basic,520.0,29,6,0,76.0,16,Yes
1684,57,Male,North,Basic,934.0,47,1,6,87.0,13,No
1685,59,Female,North,Premium,2069.0,12,3,25,91.0,15,Yes
1686,26,Male,East,Standard,2174.0,37,4,26,31.0,13,Yes
1687,67,Male,East,Standard,302.0,30,6,20,44.0,15,Yes
1688,44,Male,North,Basic,2017.0,23,1,27,100.0,19,Yes
1689,19,Female,East,Premium,505.0,16,5,15,30.0,7,No
1690,22,Male,North,Premium,2155.0,14,0,23,31.0,2,Yes
1691,46,Female,,Premium,339.0,10,6,13,66.0,18,Yes
1692,54,Female,South,Basic,2406.0,7,8,22,87.0,0,Yes
1693,55,Male,South,Standard,943.0,45,4,19,54.0,1,Yes
1694,36,Male,East,Basic,1830.0,52,4,19,46.0,14,Yes
1695,25,Male,North,Basic,2207.0,37,3,5,33.0,9,No
1696,65,Female,North,Basic,2443.0,29,2,21,43.0,17,Yes
1697,62,Male,East,Standard,1197.0,3,8,24,64.0,13,Yes
1698,18,Male,North,Standard,1385.0,15,4,27,45.0,16,Yes
1699,39,Male,West,Basic,,36,7,4,37.0,12,Yes
1700,69,Male,South,Basic,970.0,47,8,23,87.0,0,Yes
1701,34,Male,East,Standard,1805.0,46,4,20,105.0,4,Yes
1702,24,Female,East,Basic,1018.0,52,9,17,87.0,12,Yes
1703,42,Female,North,Basic,1371.0,19,8,14,101.0,13,Yes
1704,62,Male,East,Basic,2255.0,13,1,5,115.0,2,No
1705,21,Male,West,Standard,1459.0,42,8,24,20.0,14,Yes
1706,53,Male,North,Basic,549.0,21,3,28,27.0,18,Yes
1707,23,Male,North,Basic,2192.0,37,5,18,11.0,16,No
1708,48,Female,North,Basic,2153.0,27,5,0,30.0,2,No
1709,36,Male,North,Premium,1803.0,55,5,0,100.0,15,No
1710,61,Female,West,Standard,1534.0,52,1,12,16.0,13,No
1711,56,Female,North,Standard,343.0,29,6,2,76.0,11,Yes
1712,44,Male,East,Basic,882.0,20,5,9,9.0,11,No
1713,27,Female,West,Standard,1588.0,25,0,20,110.0,10,Yes
1714,43,Female,South,Basic,519.0,6,1,2,96.0,16,No
1715,36,Female,South,Standard,2225.0,36,6,8,73.0,7,Yes
1716,56,Female,East,Premium,1290.0,2,0,7,53.0,16,No
1717,20,Male,East,Standard,2112.0,22,0,2,30.0,19,No
1718,62,Male,West,Premium,1157.0,32,0,24,9.0,10,Yes
1719,30,Female,South,Standard,1103.0,16,7,12,26.0,1,Yes
1720,67,Male,South,Basic,789.0,18,3,5,83.0,9,No
1721,45,Male,South,Premium,2080.0,5,3,12,17.0,9,Yes
1722,37,Male,South,Basic,1793.0,54,1,22,32.0,10,Yes
1723,45,Male,South,Standard,2005.0,36,0,19,37.0,5,Yes
1724,25,Male,North,Basic,353.0,30,9,19,111.0,3,Yes
1725,58,Female,East,Basic,915.0,45,8,11,27.0,11,Yes
1726,56,Male,North,Basic,1382.0,19,6,12,101.0,10,Yes
1727,18,Male,South,Basic,2148.0,23,3,1,111.0,12,No
1728,20,Male,West,Standard,1254.0,34,5,20,22.0,4,Yes
1729,30,Male,West,Standard,1929.0,13,1,23,118.0,5,Yes
1730,45,Female,South,Basic,,43,6,22,34.0,0,Yes
1731,66,Female,South,Basic,694.0,54,1,15,30.0,5,No
1732,42,Female,West,Standard,1659.0,29,9,22,20.0,17,Yes
1733,50,Female,North,Basic,670.0,36,7,5,81.0,8,Yes
1734,55,Male,North,Standard,1157.0,22,7,18,43.0,14,Yes
1735,23,Female,South,Standard,1090.0,52,0,20,37.0,7,Yes
1736,61,Male,North,Premium,957.0,52,7,12,30.0,18,Yes
1737,62,Male,West,Standard,1692.0,47,1,16,52.0,15,No
1738,49,Male,North,Basic,683.0,36,5,22,69.0,5,Yes
1739,62,Male,South,Standard,2409.0,9,0,8,117.0,5,No
1740,64,Male,West,Basic,538.0,39,4,16,42.0,2,No
1741,38,Female,North,Basic,494.0,51,6,28,6.0,9,Yes
1742,33,Female,East,Standard,2408.0,19,9,1,117.0,0,Yes
1743,38,Female,West,Basic,1452.0,38,0,18,10.0,13,No
1744,28,Female,West,Standard,2315.0,6,1,18,50.0,3,No
1745,54,Male,East,Premium,455.0,52,6,23,54.0,11,Yes
1746,53,Female,East,Premium,1222.0,47,5,6,42.0,5,No
1747,52,Male,West,Premium,1909.0,15,2,21,110.0,10,Yes
1748,36,Female,,Basic,1274.0,57,9,9,92.0,11,Yes
1749,37,Male,South,Basic,1530.0,20,1,9,22.0,9,No
1750,35,Male,South,Standard,2114.0,9,9,26,31.0,17,Yes
1751,64,Female,South,Basic,1137.0,32,3,19,45.0,6,Yes
1752,58,Male,West,Standard,2307.0,4,2,8,76.0,6,No
1753,66,Male,East,Standard,1663.0,50,6,16,96.0,10,Yes
1754,31,Female,East,Standard,503.0,18,7,26,78.0,3,Yes
1755,32,Male,North,Basic,460.0,5,1,14,21.0,19,Yes
1756,48,Female,North,Basic,691.0,20,9,1,66.0,0,Yes
1757,18,Female,East,Basic,1068.0,23,6,29,33.0,12,Yes
1758,20,Female,East,Basic,1393.0,11,7,3,62.0,17,Yes
1759,33,Male,East,Premium,704.0,37,5,18,74.0,8,No
1760,40,Male,West,Basic,907.0,22,5,16,82.0,8,No
1761,28,Male,East,Basic,1914.0,58,9,4,26.0,8,Yes
1762,29,Female,North,Basic,1840.0,4,0,6,10.0,9,Yes
1763,27,Male,West,Standard,2137.0,29,3,17,30.0,1,No
1764,49,Female,East,Standard,989.0,44,0,20,43.0,5,Yes
1765,33,Female,North,Basic,1540.0,34,3,21,16.0,14,Yes
1766,25,Male,West,Basic,2403.0,13,1,26,103.0,2,Yes
1767,55,Female,East,Basic,665.0,42,4,6,18.0,10,No
1768,29,Male,East,Basic,2022.0,9,9,16,26.0,5,Yes
1769,41,Male,East,Standard,754.0,42,8,6,55.0,2,Yes
1770,45,Male,West,Standard,403.0,31,9,3,27.0,10,Yes
1771,25,Male,North,Basic,,7,2,7,52.0,14,No
1772,45,Male,North,Basic,529.0,4,7,12,75.0,12,Yes
1773,53,Female,South,Premium,2237.0,19,2,3,108.0,19,No
1774,43,Female,East,Standard,1505.0,42,5,5,54.0,9,No
1775,25,Female,South,Standard,1192.0,30,3,24,93.0,5,Yes
1776,67,Male,South,Basic,1873.0,31,7,4,17.0,14,Yes
1777,45,Male,,Standard,2374.0,35,5,29,89.0,17,Yes
1778,45,Male,West,Basic,1975.0,57,7,11,109.0,17,Yes
1779,54,Female,West,Standard,598.0,21,0,3,14.0,6,No
1780,58,Male,North,Premium,1256.0,31,5,23,59.0,14,Yes
1781,53,Female,West,Basic,1414.0,19,0,28,13.0,17,Yes
1782,44,Female,South,Basic,1774.0,31,0,8,83.0,17,No
1783,34,Male,East,Basic,664.0,53,7,3,56.0,19,Yes
1784,26,Male,North,Basic,1998.0,32,6,18,6.0,8,Yes
1785,50,Female,East,Basic,650.0,2,2,23,29.0,1,Yes
1786,37,Male,West,Basic,2204.0,59,5,13,17.0,7,No
1787,30,Female,East,Standard,,52,8,4,102.0,19,Yes
1788,45,Male,West,Standard,798.0,10,6,17,55.0,1,Yes
1789,65,Male,West,Basic,1249.0,2,2,9,62.0,10,No
1790,46,Female,South,Premium,2294.0,2,5,24,38.0,6,Yes
1791,30,Male,West,Basic,2346.0,24,3,18,39.0,5,No
1792,63,Female,South,Premium,807.0,17,2,11,106.0,9,No
1793,52,Male,South,Basic,1627.0,32,8,17,7.0,4,Yes
1794,23,Female,South,Premium,465.0,16,9,16,110.0,10,Yes
1795,35,Female,North,Standard,1219.0,16,1,29,63.0,0,Yes
1796,68,Male,North,Premium,413.0,46,0,23,74.0,1,Yes
1797,22,Female,West,Premium,1291.0,39,1,10,52.0,0,No
1798,64,Male,South,Basic,2251.0,53,6,2,68.0,18,Yes
1799,42,Male,North,Premium,1558.0,31,9,22,117.0,1,Yes
1800,19,Male,South,Basic,,43,0,16,23.0,19,No
1801,27,Female,East,Basic,1531.0,24,5,0,71.0,3,No
1802,47,Female,East,Basic,1008.0,1,6,14,86.0,11,Yes
1803,67,Male,East,Standard,2485.0,11,8,27,107.0,19,Yes
1804,62,Male,West,Basic,638.0,55,7,8,77.0,17,Yes
1805,22,Female,South,Standard,367.0,21,5,14,80.0,0,No
1806,50,Male,East,Standard,1896.0,4,2,27,9.0,0,Yes
1807,18,Male,North,Standard,1864.0,7,7,23,71.0,13,Yes
1808,35,Female,East,Premium,682.0,26,6,27,15.0,3,Yes
1809,49,Male,East,Basic,318.0,47,2,28,98.0,4,Yes
1810,64,Female,East,Basic,2421.0,50,8,2,72.0,10,Yes
1811,66,Male,West,Basic,872.0,12,1,21,73.0,12,Yes
1812,28,Female,North,Basic,1599.0,31,2,26,5.0,15,Yes
1813,38,Male,South,Basic,2243.0,17,1,18,95.0,12,No
1814,43,Male,,Basic,950.0,33,0,12,96.0,1,No
1815,42,Female,South,Basic,1945.0,11,3,11,67.0,15,No
1816,39,Male,West,Premium,1293.0,28,4,19,33.0,5,Yes
1817,44,Female,West,Standard,1638.0,32,5,0,,13,No
1818,66,Male,West,Basic,1200.0,1,4,20,16.0,0,Yes
1819,30,Female,West,Standard,1984.0,47,0,16,81.0,16,No
1820,50,Female,,Basic,1885.0,28,2,12,45.0,10,No
1821,51,Female,East,Basic,2223.0,53,0,0,6.0,18,No
1822,58,Female,South,Standard,2081.0,42,4,9,41.0,2,No
1823,52,Male,North,Standard,1436.0,7,4,14,49.0,10,No
1824,18,Male,West,Basic,2244.0,2,5,26,84.0,4,Yes
1825,38,Female,West,Premium,1337.0,42,7,26,52.0,16,Yes
1826,65,Female,North,Premium,2038.0,24,9,29,28.0,6,Yes
1827,23,Female,South,Standard,587.0,4,0,6,103.0,9,No
1828,45,Male,East,Standard,1890.0,44,3,27,26.0,10,Yes
1829,34,Male,East,Standard,,19,9,21,104.0,2,Yes
1830,22,Male,North,Basic,1398.0,26,0,17,15.0,19,No
1831,48,Male,East,Basic,1239.0,11,8,15,62.0,9,Yes
1832,22,Female,,Basic,1748.0,40,6,13,50.0,9,Yes
1833,55,Female,South,Standard,870.0,50,6,26,33.0,13,Yes
1834,20,Female,North,Standard,1300.0,43,4,27,39.0,11,Yes
1835,40,Male,South,Basic,1505.0,11,6,17,116.0,14,Yes
1836,54,Male,West,Premium,,45,1,26,19.0,9,Yes
1837,54,Male,North,Premium,2174.0,3,3,6,64.0,9,No
1838,27,Female,South,Standard,1132.0,12,6,16,99.0,18,Yes
1839,27,Female,North,Standard,1978.0,3,2,28,46.0,0,Yes
1840,36,Male,East,Premium,915.0,42,1,17,109.0,9,No
1841,34,Female,South,Basic,705.0,27,9,11,47.0,1,Yes
1842,38,Male,West,Standard,2049.0,49,1,7,84.0,16,No
1843,31,Male,South,Basic,392.0,54,0,21,78.0,6,Yes
1844,26,Female,North,Standard,953.0,2,4,29,53.0,6,Yes
1845,63,Male,North,Basic,733.0,49,5,1,68.0,19,No
1846,18,Female,South,Premium,1435.0,16,5,6,36.0,8,No
1847,68,Male,West,Premium,674.0,2,8,3,68.0,1,Yes
1848,62,Female,West,Basic,1366.0,54,3,17,119.0,13,No
1849,30,Female,West,Standard,506.0,30,0,27,6.0,16,Yes
1850,21,Female,North,Premium,1079.0,20,5,5,28.0,0,No
1851,18,Male,South,Standard,1619.0,38,4,26,91.0,8,Yes
1852,66,Male,East,Premium,1441.0,28,9,8,70.0,19,Yes
1853,57,Female,North,Standard,831.0,25,5,26,42.0,18,Yes
1854,49,Female,West,Basic,389.0,32,2,8,35.0,3,No
1855,51,Male,South,Basic,1417.0,10,1,13,119.0,7,No
1856,45,Male,West,Basic,312.0,42,5,7,108.0,12,No
1857,48,Male,East,Standard,2157.0,40,0,18,30.0,3,No
1858,25,Female,West,Basic,1104.0,33,6,2,33.0,8,Yes
1859,56,Male,West,Standard,1244.0,13,6,17,71.0,8,Yes
1860,43,Male,,Standard,2157.0,56,9,4,82.0,17,Yes
1861,51,Female,South,Standard,1910.0,41,6,13,29.0,11,Yes
1862,20,Male,North,Premium,2259.0,54,9,27,52.0,9,Yes
1863,67,Male,South,Premium,1352.0,42,0,29,69.0,10,Yes
1864,29,Male,East,Basic,595.0,47,3,3,57.0,6,No
1865,18,Female,West,Premium,1225.0,37,6,6,71.0,8,Yes
1866,61,Female,South,Standard,939.0,54,8,19,94.0,5,Yes
1867,22,Female,North,Standard,927.0,16,4,24,22.0,18,Yes
1868,47,Female,East,Premium,1467.0,45,1,27,13.0,15,Yes
1869,47,Female,South,Basic,1241.0,22,6,11,42.0,14,Yes
1870,34,Female,North,Basic,1129.0,57,9,1,91.0,6,Yes
1871,65,Female,East,Premium,2070.0,20,0,10,25.0,15,No
1872,64,Male,North,Basic,1275.0,50,6,13,69.0,4,Yes
1873,40,Male,East,Premium,1254.0,43,5,21,25.0,15,Yes
1874,32,Female,West,Premium,1562.0,27,6,22,31.0,0,Yes
1875,54,Male,South,Basic,1251.0,41,9,15,110.0,18,Yes
1876,38,Male,North,Premium,1243.0,16,2,19,74.0,4,Yes
1877,31,Female,East,Basic,1504.0,34,2,28,48.0,6,Yes
1878,19,Male,North,Standard,2435.0,32,6,5,104.0,18,Yes
1879,28,Male,North,Standard,1834.0,26,1,22,32.0,4,Yes
1880,68,Male,South,Premium,1396.0,25,0,3,49.0,16,No
1881,56,Male,West,Basic,478.0,2,8,14,,7,Yes
1882,55,Male,North,Standard,,12,8,23,44.0,0,Yes
1883,51,Female,East,Standard,1557.0,40,6,24,7.0,1,Yes
1884,55,Female,East,Standard,764.0,9,6,0,80.0,14,Yes
1885,67,Female,West,Standard,2074.0,12,2,6,107.0,19,No
1886,51,Male,East,Basic,1530.0,26,9,24,80.0,17,Yes
1887,35,Female,West,Basic,1184.0,9,1,11,70.0,10,No
1888,47,Male,East,Basic,1632.0,10,6,9,50.0,9,Yes
1889,32,Male,South,Premium,1954.0,32,8,4,90.0,3,Yes
1890,44,Male,North,Basic,1244.0,57,0,11,91.0,4,No
1891,68,Male,South,Basic,1224.0,34,3,17,34.0,3,No
1892,51,Female,North,Premium,2238.0,48,5,9,73.0,12,No
1893,69,Female,North,Basic,793.0,20,6,5,13.0,12,Yes
1894,55,Male,North,Premium,1846.0,39,9,27,89.0,17,Yes
1895,50,Female,South,Standard,2269.0,2,6,11,15.0,1,Yes
1896,41,Male,North,Premium,1394.0,1,9,6,73.0,15,Yes
1897,32,Female,South,Basic,2125.0,51,1,17,103.0,0,No
1898,47,Female,West,Basic,1062.0,36,3,1,95.0,18,No
1899,59,Male,East,Standard,349.0,24,4,9,117.0,8,No
1900,68,Female,East,Premium,1205.0,54,0,14,70.0,2,No
1901,34,Male,North,Standard,863.0,27,0,29,92.0,6,Yes
1902,22,Female,South,Basic,1082.0,2,9,11,,9,Yes
1903,46,Male,East,Standard,2340.0,31,2,25,37.0,0,Yes
1904,21,Male,South,Standard,2131.0,57,9,16,43.0,9,Yes
1905,27,Female,South,Standard,883.0,14,2,3,98.0,8,No
1906,34,Female,North,Standard,1619.0,2,7,6,50.0,14,Yes
1907,27,Male,East,Premium,535.0,29,8,29,41.0,14,Yes
1908,34,Female,North,Standard,2403.0,15,0,8,119.0,2,No
1909,37,Female,North,Basic,2242.0,12,1,18,96.0,4,No
1910,41,Male,East,Standard,659.0,37,9,27,64.0,8,Yes
1911,22,Male,East,Basic,2230.0,28,1,26,35.0,8,Yes
1912,51,Female,West,Basic,409.0,20,3,22,15.0,6,Yes
1913,23,Male,West,Basic,491.0,39,1,6,,11,No
1914,19,Male,South,Basic,1203.0,24,6,22,6.0,8,Yes
1915,30,Male,East,Basic,1416.0,21,8,1,108.0,5,Yes
1916,60,Female,West,Basic,1161.0,10,6,5,109.0,1,Yes
1917,60,Female,South,Premium,1383.0,46,5,17,31.0,8,No
1918,65,Male,South,Premium,949.0,14,9,5,103.0,16,Yes
1919,28,Female,South,Basic,338.0,37,0,12,6.0,0,No
1920,68,Male,West,Premium,936.0,18,9,25,107.0,18,Yes
1921,64,Female,East,Standard,1336.0,24,8,18,105.0,5,Yes
1922,40,Male,North,Basic,335.0,14,4,29,25.0,4,Yes
1923,33,Male,South,Basic,2448.0,34,4,1,62.0,1,No
1924,48,Female,West,Standard,1661.0,58,5,11,9.0,8,No
1925,28,Male,West,Standard,2283.0,12,8,14,56.0,13,Yes
1926,33,Female,North,Standard,465.0,22,7,13,49.0,3,Yes
1927,25,Female,North,Basic,2179.0,56,7,5,89.0,3,Yes
1928,21,Male,West,Basic,330.0,6,7,17,97.0,14,Yes
1929,57,Male,East,Basic,310.0,36,0,4,24.0,7,No
1930,21,Female,North,Basic,2311.0,45,0,17,65.0,3,No
1931,42,Male,West,Basic,2443.0,36,7,2,42.0,15,Yes
1932,20,Male,North,Basic,,22,4,2,24.0,3,No
1933,49,Male,East,Premium,1589.0,14,8,21,118.0,15,Yes
1934,20,Male,South,Premium,1747.0,16,1,21,29.0,11,Yes
1935,44,Male,North,Basic,2243.0,36,8,9,6.0,15,Yes
1936,46,Female,East,Premium,2263.0,56,7,18,36.0,18,Yes
1937,49,Female,West,Basic,2151.0,25,8,2,30.0,7,Yes
1938,67,Male,North,Standard,1769.0,32,3,28,74.0,5,Yes
1939,68,Male,North,Basic,1666.0,33,0,11,45.0,9,No
1940,36,Male,West,Standard,1290.0,45,0,28,71.0,4,Yes
1941,38,Female,South,Premium,,36,4,15,101.0,17,No
1942,22,Male,West,Standard,,20,1,16,5.0,9,No
1943,35,Female,North,Basic,2453.0,18,7,6,55.0,9,Yes
1944,45,Female,West,Standard,525.0,38,9,12,9.0,6,Yes
1945,59,Female,East,Basic,1076.0,3,4,23,17.0,17,Yes
1946,39,Male,West,Premium,1412.0,23,4,1,,0,No
1947,38,Female,North,Standard,987.0,32,1,3,16.0,6,No
1948,23,Male,West,Basic,829.0,45,6,9,52.0,0,Yes
1949,18,Female,South,Standard,1271.0,59,7,6,,14,Yes
1950,22,Male,West,Standard,1235.0,16,9,23,61.0,3,Yes
1951,58,Female,South,Basic,1722.0,59,0,16,119.0,19,No
1952,29,Male,East,Standard,2453.0,5,1,19,39.0,9,Yes
1953,43,Female,South,Basic,,4,9,5,80.0,8,Yes
1954,63,Male,West,Standard,2298.0,21,3,18,98.0,1,No
1955,51,Male,North,Premium,1826.0,40,4,4,9.0,13,No
1956,66,Male,South,Premium,978.0,51,1,9,102.0,15,No
1957,31,Male,East,Standard,339.0,14,0,8,26.0,0,No
1958,43,Female,South,Standard,1405.0,39,8,26,107.0,1,Yes
1959,62,Female,South,Basic,1144.0,31,0,12,81.0,6,No
1960,44,Male,South,Standard,2043.0,14,3,18,61.0,9,No
1961,26,Female,East,Basic,746.0,6,1,20,51.0,19,Yes
1962,43,Male,West,Standard,1534.0,12,3,23,58.0,0,Yes
1963,64,Male,South,Basic,1650.0,16,7,5,7.0,12,Yes
1964,39,Female,South,Basic,526.0,17,7,3,57.0,0,Yes
1965,64,Male,North,Standard,347.0,45,8,23,88.0,4,Yes
1966,47,Male,East,Basic,1762.0,23,4,26,35.0,15,Yes
1967,60,Female,South,Standard,2130.0,14,6,2,73.0,14,Yes
1968,65,Male,East,Basic,486.0,7,2,2,92.0,16,No
1969,34,Male,South,Basic,2232.0,46,9,3,108.0,15,Yes
1970,43,Male,West,Standard,1148.0,32,3,24,37.0,12,Yes
1971,53,Male,West,Basic,2332.0,15,9,4,76.0,10,Yes
1972,18,Female,South,Basic,1552.0,44,8,7,92.0,16,Yes
1973,25,Female,West,Standard,1713.0,17,9,15,54.0,16,Yes
1974,66,Female,South,Basic,1278.0,41,9,21,88.0,1,Yes
1975,52,Male,West,Premium,1912.0,54,0,2,20.0,12,No
1976,69,Male,North,Basic,1316.0,47,1,23,118.0,13,Yes
1977,32,Female,North,Basic,2181.0,44,4,11,80.0,10,No
1978,64,Male,North,Standard,569.0,34,2,24,81.0,9,Yes
1979,39,Male,East,Basic,1930.0,5,1,7,113.0,2,No
1980,31,Male,East,Basic,609.0,45,0,12,110.0,16,No
1981,43,Male,North,Basic,2343.0,27,9,3,43.0,14,Yes
1982,45,Female,East,Basic,1874.0,52,2,13,93.0,8,No
1983,40,Female,West,Premium,1395.0,23,0,13,50.0,9,No
1984,31,Female,South,Basic,1995.0,40,0,12,100.0,7,No
1985,41,Male,South,Standard,1745.0,59,0,26,92.0,12,Yes
1986,19,Female,South,Premium,2467.0,14,7,5,116.0,17,Yes
1987,62,Female,North,Basic,519.0,15,2,16,51.0,4,No
1988,43,Male,East,Premium,,43,0,3,48.0,5,No
1989,31,Male,West,Basic,2057.0,33,6,7,13.0,16,Yes
1990,68,Female,West,Premium,1774.0,53,9,16,108.0,10,Yes
1991,24,Female,North,Basic,1966.0,31,2,2,118.0,19,No
1992,20,Female,West,Standard,1560.0,35,7,16,91.0,15,Yes
1993,64,Female,West,Standard,1019.0,17,3,8,54.0,8,No
1994,40,Male,West,Basic,705.0,28,3,1,81.0,1,No
1995,63,Female,West,Standard,371.0,19,4,24,,4,Yes
1996,60,Female,East,Standard,2153.0,46,5,12,100.0,0,No
1997,64,Male,West,Basic,2353.0,54,6,19,118.0,3,Yes
1998,62,Female,South,Basic,1529.0,23,3,1,19.0,3,No
1999,35,Male,North,Standard,1867.0,32,7,19,40.0,2,Yes
2000,55,Male,East,Standard,686.0,40,5,27,117.0,8,Yes
1364,50,Male,South,Basic,1781.0,22,2,6,30.0,18,No
1425,52,Male,West,Basic,518.0,59,5,20,81.0,11,Yes
1538,51,Female,West,Premium,1658.0,37,9,3,86.0,12,Yes
1287,59,Male,West,Standard,1435.0,57,8,1,84.0,4,Yes
1041,20,Male,East,Basic,2051.0,46,6,16,76.0,3,Yes
1543,49,Female,West,Standard,,56,2,6,107.0,10,No
1085,25,Female,South,Basic,1851.0,31,6,28,9.0,13,Yes
1500,18,Male,North,Premium,1637.0,51,8,24,20.0,9,Yes
1175,24,Female,North,Standard,819.0,36,0,16,103.0,3,No
1488,40,Male,East,Basic,1803.0,24,2,11,62.0,11,No
1116,52,Female,West,Basic,325.0,43,2,25,57.0,10,Yes
1813,38,Male,South,Basic,2243.0,17,1,18,95.0,12,No
1119,59,Female,South,Premium,1391.0,51,2,20,24.0,19,Yes
1341,37,Female,South,Basic,2237.0,26,2,29,,2,Yes
1867,22,Female,North,Standard,927.0,16,4,24,22.0,18,Yes
1555,44,Female,South,Basic,1224.0,19,6,18,110.0,7,Yes
1499,62,Male,East,Standard,1245.0,44,9,29,86.0,10,Yes
1222,19,Female,West,Standard,2224.0,58,6,5,30.0,16,Yes
1919,28,Female,South,Basic,338.0,37,0,12,6.0,0,No
1333,58,Female,East,Basic,2203.0,40,1,20,57.0,13,Yes
